{
  "tcn": {
    "metrics": {
      "mae": 4.223267555236816,
      "mse": 28.075355529785156,
      "rmse": 5.2986182660940155,
      "r2": 0.024372756481170654,
      "mape": 5.92924165725708,
      "max_error": 16.04351806640625,
      "median_ae": 3.4095306396484375,
      "p90_error": 8.625022888183594,
      "p95_error": 10.481144905090332
    },
    "parameters": 126913
  },
  "lstm_attention": {
    "metrics": {
      "mae": 4.202065467834473,
      "mse": 28.349746704101562,
      "rmse": 5.324448018724717,
      "r2": 0.014837563037872314,
      "mape": 5.861208438873291,
      "max_error": 15.890438079833984,
      "median_ae": 3.4383010864257812,
      "p90_error": 8.896270751953125,
      "p95_error": 10.544886589050293
    },
    "parameters": 302401
  },
  "bilstm_residual": {
    "metrics": {
      "mae": 4.08957052230835,
      "mse": 27.446428298950195,
      "rmse": 5.238933889538042,
      "r2": 0.04622817039489746,
      "mape": 5.738186836242676,
      "max_error": 16.119956970214844,
      "median_ae": 3.1204299926757812,
      "p90_error": 8.64783763885498,
      "p95_error": 10.330711364746094
    },
    "parameters": 556353
  },
  "ultimate_hybrid": {
    "metrics": {
      "mae": 4.174332618713379,
      "mse": 27.688121795654297,
      "rmse": 5.261950379436725,
      "r2": 0.03782922029495239,
      "mape": 5.864109516143799,
      "max_error": 15.883804321289062,
      "median_ae": 3.4721717834472656,
      "p90_error": 8.771671295166016,
      "p95_error": 10.378284454345703
    },
    "parameters": 618497
  },
  "lightweight_hybrid": {
    "metrics": {
      "mae": 4.248913764953613,
      "mse": 28.53623390197754,
      "rmse": 5.34193166391873,
      "r2": 0.008357107639312744,
      "mape": 6.058244228363037,
      "max_error": 16.31255340576172,
      "median_ae": 3.614337921142578,
      "p90_error": 8.916029930114746,
      "p95_error": 10.652238845825195
    },
    "parameters": 23425
  },
  "optimized_ultimate": {
    "metrics": {
      "mae": 4.285549163818359,
      "mse": 29.175613403320312,
      "rmse": 5.401445492025289,
      "r2": -0.013861536979675293,
      "mape": 5.935308933258057,
      "max_error": 16.606727600097656,
      "median_ae": 3.518890380859375,
      "p90_error": 8.271224021911621,
      "p95_error": 10.689404487609863
    },
    "parameters": 1040481,
    "best_params": {
      "hidden_dim": 160,
      "num_layers": 4,
      "num_heads": 4,
      "dropout": 0.31809934365114184,
      "lr": 0.00013225637159028857,
      "batch_size": 16
    }
  }
}